﻿<?xml version="1.0" encoding="UTF-8" standalone="yes"?>
<addon
        id="repository.leopheard"
        name="leopheard Add-ons"
        version="5.0.1"
        provider-name="leopheard">
    <requires>
        <import addon="xbmc.addon"
                version="16.0.0"/>
    </requires>
    <extension point="xbmc.addon.repository"
               name="leopheard's Add-on Repository">
        <dir minversion="18.9.0">
            <info compressed="true">https://raw.github.com/leopheard/repository.leopheard/matrix/addons.xml</info>
            <checksum>https://raw.github.com/leopheard/repository.leopheard/matrix/addons.xml.md5</checksum>
            <datadir zip="true">https://raw.github.com/leopheard/repository.leopheard/matrix/download</datadir>
            <hashes>false</hashes>
        </dir>
        <dir minversion="17.9.0">
            <info compressed="true">https://raw.github.com/leopheard/repository.leopheard/jarvis/addons.xml</info>
            <checksum>https://raw.github.com/leopheard/repository.leopheard/jarvis/addons.xml.md5</checksum>
            <datadir zip="true">https://raw.github.com/leopheard/repository.leopheard/jarvis/download</datadir>
            <hashes>false</hashes>
        </dir>
        <dir minversion="16.0.0">
            <info compressed="true">https://raw.github.com/leopheard/repository.leopheard/jarvis/addons.xml</info>
            <checksum>https://raw.github.com/leopheard/repository.leopheard/jarvis/addons.xml.md5</checksum>
            <datadir zip="true">https://raw.github.com/leopheard/repository.leopheard/jarvis/download</datadir>
            <hashes>false</hashes>
        </dir>

    </extension>
    <extension point="xbmc.addon.metadata">
        <summary lang="en">Install Add-ons from leopheard's repository</summary>
        <description lang="en">Download and install add-ons from the unofficial leopheard's addon repository.</description>
        <disclaimer lang="en">I do not host any of the online video, audio, and photo files that some of the addons link
            to stored on third-party websites, nor do they upload such files themselves. They are not responsible for
            what other people upload to any third-party sites. Therefore we urge all copyright owners, to recognize that
            the links contained within these addons are located somewhere else on the web. The scraped embedded links
            point to the location of each video on the web. Please direct all copyright infringement issues to the
            companies that host these files :- Google, Dailymotion, Veoh, and so forth.
        </disclaimer>
        <platform>all</platform>
        <nofanart>true</nofanart>
        <news>v5.0.1:
-use https

v5.0.0:
-matrix repo

v4.0.0:
-jarvis repo

v3.0.0:
-isengard repo

v2.0.3:
-gotham repo

v2.0.2:
-cosmetic and translation
-no hashes

v2.0.1:
-frodo repo

v2.0.0:
-eden repo

v1.0.3:
-Change googlecode to github
        </news>
    </extension>
</addon>
