<?xml version="1.0" encoding="UTF-8" standalone="yes"?>
<addon id="plugin.video.YTglobalnewsca" name="GlobalNews.ca" version="1.0.0" provider-name="leopheard">
  <requires>
    <import addon="xbmc.python" version="2.26.0"/>
    <import addon="script.module.xbmcswift2" version="2.4.0"/>
    <import addon="script.module.beautifulsoup4" version="4.3.1"/>
    <import addon="script.module.requests" version="1.1.0"/>
    <import addon="script.module.routing" version="0.2.0"/>
  </requires>
  <extension point="xbmc.python.pluginsource" library="addon.py">
    <provides>video</provides>
  </extension>
  <extension point="xbmc.addon.metadata">
    <platform>all</platform>
    <language>en_us</language>
    <summary lang="en">GlobalNews.ca</summary>
    <description lang="en">Globalnews.ca offers Canadians from coast to coast a host of news and information – from breaking news in their community to deep engaging content that puts complex world issues in perspective. Our 21 local newsrooms provide up-to-the-minute community-based news, weather and information, while our national coverage features stories, analysis and deep, engaging content about issues in Canada and abroad</description>
    <license>The MIT License (MIT)</license>
    <forum></forum>
    <email>leopheard@gmail.com</email>
    <source>https://github.com/leopheard/YTGlobalNewsCA</source>
    <website>https://www.globalnews.ca</website>
        	<assets>
			<icon>resources/media/icon.png</icon>
			<fanart>resources/media/fanart.png</fanart>
			<screenshot>resources/media/1.jpg</screenshot>
			<screenshot>resources/media/2.jpg</screenshot>
			<screenshot>resources/media/3.jpg</screenshot>
		</assets>
  </extension>
</addon>
